,Regional Price Parities,,,,,,,,,,,,,,,,,,,,,,
Row,Geography,Geography Type,Code,2008 - All,2008 - Goods,2008- Services:Rents,2008 - Services:Other,2009 - All,2009 - Goods,2009 - Services:Rents,2009 - Services:Other,2010- All,2010 - Goods,2010 - Services:Rents,2010 - Services:Other,2011 - All,2011 - Goods,2011- Services:Rents,2011 - Services:Other,2012 - All,2012 - Goods,2012 - Services:Rents,2012 - Services:Other
1,"Abilene, TX",Metropolitan Statistical Area,10180,92.5,98.1,80.3,94.6,92.1,98.1,79.4,94.3,92.2,97.3,79.3,94,92.2,97.3,79.6,94,91.4,97.2,76.5,94
2,"Akron, OH",Metropolitan Statistical Area,10420,90,94.4,84.6,88,89.3,93.9,82.9,87.9,89.3,94.1,81.6,88.1,89.2,94.1,80.8,88.1,88.4,94,77.6,88.1
3,"Albany, GA",Metropolitan Statistical Area,10500,87.6,98.1,64.6,94.5,87.9,98,66.3,94.2,88.5,97.2,65.7,93.9,89.5,97.2,69.1,93.9,85.1,97.1,56.6,93.9
4,"Albany, OR",Metropolitan Statistical Area,10540,94.7,,,,93.6,,,,93.4,,,,93.6,,,,93.7,,,
5,"Albany-Schenectady-Troy, NY",Metropolitan Statistical Area,10580,100.2,98.5,105.9,99.3,100,98.3,106.3,98.8,99.1,98,104,97.9,99.2,98,104.5,98,99.1,98,104.2,97.9
6,"Albuquerque, NM",Metropolitan Statistical Area,10740,95.1,95.9,89,97.6,96,96.7,88.5,99.3,96.1,97.2,86.9,100.2,96.1,97.1,86.9,100,96.6,96.9,90,99.7
7,"Alexandria, LA",Metropolitan Statistical Area,10780,91.6,98.3,75.4,94.7,90.8,98.3,73.4,94.4,90.8,97.5,72.2,94.1,90.4,97.4,70.7,94.1,87.7,97.3,62.1,94
8,"Allentown-Bethlehem-Easton, PA-NJ",Metropolitan Statistical Area,10900,100.4,98.7,101.5,101.8,100.5,98.5,103.1,101.5,100,98.3,101.6,101.1,100.3,98.3,102.9,101.1,99.9,98.3,101.4,101
9,"Altoona, PA",Metropolitan Statistical Area,11020,91.4,98.5,68,99.3,90.7,98.3,67,98.8,91.1,98,66.5,97.9,91.8,98,68.7,98,91.4,98,68,97.9
10,"Amarillo, TX",Metropolitan Statistical Area,11100,93.6,98.6,81.9,95,93.6,98.5,82.3,94.7,92.9,97.8,81.4,94.3,92.9,97.7,81.4,94.3,92.8,97.6,81.4,94.2
11,"Ames, IA",Metropolitan Statistical Area,11180,88.1,89.1,88.3,86.9,88.5,89.7,88,87.4,88,90.1,85,87.8,87.6,90.1,83.7,87.9,88.7,89.9,87.8,87.8
12,"Anchorage, AK",Metropolitan Statistical Area,11260,109.9,104.9,132.5,104.8,110.1,105.4,132.2,105.2,108.9,105.3,126.5,104.6,109.2,105.3,129,104.5,110.9,105.3,140.9,104.6
13,"Ann Arbor, MI",Metropolitan Statistical Area,11460,102.8,98.9,115.7,102.2,102.2,99.4,110.7,101.9,101.5,99.5,107.7,100.8,101.4,99.5,107,100.8,102.2,99.5,112.5,100.5
14,"Anniston-Oxford-Jacksonville, AL",Metropolitan Statistical Area,11500,89.1,98.6,66.2,95.1,88.1,98.6,64,94.8,88,97.9,61.5,94.3,88.3,97.8,62.3,94.4,84.8,97.7,53.1,94.3
15,"Appleton, WI",Metropolitan Statistical Area,11540,93.3,96.5,80.8,95.6,93.1,97.2,79.7,95,93.2,97.3,79.9,94.7,93.2,97.2,80.4,94.7,93.3,97.1,81.3,94.7
16,"Asheville, NC",Metropolitan Statistical Area,11700,92.3,97.4,83.1,93.6,92.8,97.3,84.8,93.4,92.2,96.5,83.9,93.4,92,96.4,83.2,93.4,92,96.3,83.5,93.3
17,"Athens-Clarke County, GA",Metropolitan Statistical Area,12020,93.6,98.5,83.1,95,93.8,98.4,84.4,94.6,92.8,97.6,82.5,94.2,92.2,97.6,80.4,94.2,91.8,97.5,79.2,94.2
18,"Atlanta-Sandy Springs-Roswell, GA",Metropolitan Statistical Area,12060,99.2,99.1,101.5,97.9,98.5,99,100.5,96.6,97.1,98.7,98.2,94.8,96.7,98.6,97,94.7,95.6,98.3,93,94.5
19,"Atlantic City-Hammonton, NJ",Metropolitan Statistical Area,12100,110.6,104.3,121.3,111.3,110.7,104.9,120.9,110.8,109.9,105.1,117.5,110,109.2,105.4,114,110,108.4,105.6,110.1,109.9
20,"Auburn-Opelika, AL",Metropolitan Statistical Area,12220,87.9,94.1,80.6,89.6,89.5,94.2,83.9,89.8,88.9,93.3,81.9,90.8,88.7,93.2,81.5,90.9,87,93.1,76.9,90.8
21,"Augusta-Richmond County, GA-SC",Metropolitan Statistical Area,12260,90.9,98.5,73.1,95,91.3,98.5,74.7,94.6,91.1,97.7,74.3,94.2,91.8,97.6,77.1,94.2,89.8,97.5,70.2,94.2
22,"Austin-Round Rock, TX",Metropolitan Statistical Area,12420,99.1,98.6,107.7,95.1,99,98.6,107.8,94.8,98.3,97.9,106.7,94.3,98.2,97.8,106.8,94.4,98.5,97.7,108.7,94.3
23,"Bakersfield, CA",Metropolitan Statistical Area,12540,95.6,95.9,91.8,97.6,96.9,96.7,93.4,99.3,96.9,97.2,90.8,100.2,96.7,97.1,90.1,100,97.3,96.9,93.9,99.7
24,"Baltimore-Columbia-Towson, MD",Metropolitan Statistical Area,12580,107.7,101,116.7,109.7,109,100.4,119.2,112.5,109.7,101.1,118.9,113.2,110,101.3,119.4,113.5,109.4,101.3,116.1,113.4
25,"Bangor, ME",Metropolitan Statistical Area,12620,96,98.5,85.7,99.3,95.8,98.3,86.5,98.8,94.9,98,85.1,97.9,95.7,98,87.9,98,97,98,93.9,97.9
26,"Barnstable Town, MA",Metropolitan Statistical Area,12700,104.1,98.5,126.9,99.3,103.1,98.3,122.2,98.8,102.5,98,120.2,97.9,101.7,98,115.7,98,102.1,98,117.9,97.9
27,"Baton Rouge, LA",Metropolitan Statistical Area,12940,94,97.9,85.9,94.3,94.1,97.9,87.1,94,93.5,97,86,93.8,93.7,97,87.1,93.8,93.2,96.9,85.2,93.7
28,"Battle Creek, MI",Metropolitan Statistical Area,12980,92.8,96.5,80.4,95.6,92.5,97.2,79.4,95,91.9,97.3,76.4,94.7,91.4,97.2,74.4,94.7,90.5,97.1,71.7,94.7
29,"Bay City, MI",Metropolitan Statistical Area,13020,92.4,96.5,78.7,95.6,92.1,97.2,77.3,95,90.9,97.3,71.3,94.7,90.9,97.2,71.3,94.7,88.9,97.1,64.7,94.7
30,"Beaumont-Port Arthur, TX",Metropolitan Statistical Area,13140,92.5,98.6,76.9,95.1,92.2,98.6,76.4,94.8,91.8,97.9,75,94.3,91.9,97.8,75.8,94.4,90.6,97.7,70.9,94.3
31,"Beckley, WV",Metropolitan Statistical Area,13220,85.7,,,,86.1,,,,87.1,,,,85.2,,,,85.8,,,
32,"Bellingham, WA",Metropolitan Statistical Area,13380,96.5,95.9,95.9,97.6,97.6,96.7,97.1,99.3,97.9,97.2,95.7,100.2,98.3,97.1,97.9,100,99.3,96.9,103.8,99.7
33,"Bend-Redmond, OR",Metropolitan Statistical Area,13460,97.7,99.9,92.6,98.8,96.5,99.2,92.7,95.8,95.6,99.4,89.6,94.8,94.9,99.5,87,94.7,96.6,99.5,94.4,94.8
34,"Billings, MT",Metropolitan Statistical Area,13740,93.6,96.1,80.2,97.6,94.8,96.9,81.6,99.2,94.7,97.3,78.9,100,94.5,97.2,78.5,99.8,95.5,97,83.8,99.6
35,"Binghamton, NY",Metropolitan Statistical Area,13780,95.3,98.5,82.5,99.3,94.8,98.3,81.9,98.8,94.5,98,82,97.9,94.4,98,81.3,98,95.6,98,86.7,97.9
36,"Birmingham-Hoover, AL",Metropolitan Statistical Area,13820,93.4,98.4,81.9,94.9,93.6,98.4,83,94.5,93.3,97.6,82.7,94.2,93.4,97.5,82.9,94.2,90.2,97.4,70.6,94.1
37,"Bismarck, ND",Metropolitan Statistical Area,13900,91.2,96.5,68.1,95.6,91.3,97.2,68.9,95,90.8,97.3,68.7,94.7,91.5,97.2,71.6,94.7,94,97.1,84,94.7
38,"Blacksburg-Christiansburg-Radford, VA",Metropolitan Statistical Area,13980,87.1,94.1,78,89.6,88.6,94.2,81.2,89.8,89.2,93.3,82.2,90.8,89.9,93.2,84.6,90.9,88.8,93.1,81.6,90.8
39,"Bloomington, IL",Metropolitan Statistical Area,14010,94.7,96.5,88.1,95.6,94.9,97.2,88.7,95,94.5,97.3,87.1,94.7,94.5,97.2,87.1,94.7,94.6,97.1,87.9,94.7
40,"Bloomington, IN",Metropolitan Statistical Area,14020,92.7,95,86.7,93.9,92.9,95.7,87.2,93.5,92.2,95.9,84.8,93.3,92.9,95.8,87.3,93.4,93.4,95.7,89.3,93.4
41,"Bloomsburg-Berwick, PA",Metropolitan Statistical Area,14100,93.4,,,,92.7,,,,93,,,,92,,,,92,,,
42,"Boise City, ID",Metropolitan Statistical Area,14260,93.9,96,82.9,97.6,94.8,96.8,83,99.2,94.6,97.3,80.2,100,94,97.2,78,99.8,94.7,97,81.5,99.6
43,"Boston-Cambridge-Newton, MA-NH",Metropolitan Statistical Area,14460,111.4,99,139.2,114.1,110.9,98.1,137.3,114.3,110.7,97.6,134.7,114,110.7,97.7,133.9,114.1,111.6,97.7,140.4,114.1
44,"Boulder, CO",Metropolitan Statistical Area,14500,102.6,103.8,122.6,93.7,104.8,104.6,124.7,96.7,105.8,104.1,121.7,99.5,106.3,104.3,123.7,99.4,108.9,104.2,137.8,99.4
45,"Bowling Green, KY",Metropolitan Statistical Area,14540,85.7,94.1,73.2,89.6,85.4,94.2,71.1,89.8,85.3,93.3,69.5,90.8,85.4,93.2,70.1,90.9,85.1,93.1,69.5,90.8
46,"Bremerton-Silverdale, WA",Metropolitan Statistical Area,14740,103.7,106.5,104.7,100.1,103.8,106,106,100.4,103.5,105.2,104.8,101.1,103.8,105.3,107.2,100.9,104.6,105.3,112.3,100.8
47,"Bridgeport-Stamford-Norwalk, CT",Metropolitan Statistical Area,14860,123.4,112.3,150.1,124.8,122.9,111.7,152,122.8,122.1,112.2,148.5,121,122.2,112.3,150.1,121.1,121.5,112.2,146.5,121
48,"Brownsville-Harlingen, TX",Metropolitan Statistical Area,15180,87.6,98.6,64,95.1,87.3,98.6,63.9,94.8,87.6,97.9,64.2,94.3,87.6,97.8,64.2,94.4,85.1,97.7,57.8,94.3
49,"Brunswick, GA",Metropolitan Statistical Area,15260,85.9,94.1,73.5,89.6,85.7,94.2,71.8,89.8,86.9,93.3,73.9,90.8,87,93.2,74.5,90.9,86.1,93.1,72.3,90.8
50,"Buffalo-Cheektowaga-Niagara Falls, NY",Metropolitan Statistical Area,15380,95.7,98.5,84.1,99.3,95.4,98.3,83.9,98.8,94.8,98,81.9,97.9,94.8,98,82,98,93.8,98,78.4,97.9
51,"Burlington, NC",Metropolitan Statistical Area,15500,93.5,98.6,81.6,95.1,93,98.6,80.3,94.8,92.2,97.9,78.1,94.3,91.5,97.8,75.8,94.4,90,97.7,70.5,94.3
52,"Burlington-South Burlington, VT",Metropolitan Statistical Area,15540,102.5,98.5,117.3,99.3,102.7,98.3,120,98.8,101.7,98,116.7,97.9,101.8,98,117.1,98,102.3,98,119.8,97.9
53,"California-Lexington Park, MD",Metropolitan Statistical Area,15680,102.1,,,,102.4,,,,102.6,,,,101.9,,,,102.3,,,
54,"Canton-Massillon, OH",Metropolitan Statistical Area,15940,90.7,96.5,70.7,95.6,90.2,97.2,69,95,90.3,97.3,68.4,94.7,90.5,97.2,68.9,94.7,89.4,97.1,65.6,94.7
55,"Cape Coral-Fort Myers, FL",Metropolitan Statistical Area,15980,99.5,98.6,109.7,95.1,98.6,98.6,105.5,94.8,96.4,97.9,96.8,94.3,95.2,97.8,91.9,94.4,95,97.7,91.3,94.3
,"Cape Girardeau, MO-IL",Metropolitan Statistical Area,16020,,,,,82,89.7,67.1,87.4,82.8,90.1,67.2,87.8,83.8,90.1,70.3,87.9,82.8,89.9,67.3,87.8
56,"Carbondale-Marion, IL",Metropolitan Statistical Area,16060,83.6,,,,84.6,,,,85.5,,,,83.8,,,,84.1,,,
57,"Carson City, NV",Metropolitan Statistical Area,16180,100.6,99.9,104.8,98.8,99.7,99.2,107.1,95.8,98.3,99.4,101.4,94.8,97.7,99.5,98.8,94.7,98,99.5,100,94.8
58,"Casper, WY",Metropolitan Statistical Area,16220,93.4,95.9,80,97.6,94.4,96.7,80.7,99.3,96,97.2,86,100.2,96.8,97.1,89.9,100,97.8,96.9,96,99.7
59,"Cedar Rapids, IA",Metropolitan Statistical Area,16300,90.8,95.6,73.8,94.7,90.9,96.4,74.1,94.1,91.4,96.5,75.5,93.9,91.4,96.4,75.8,93.9,91.2,96.3,75.4,94
60,"Chambersburg-Waynesboro, PA",Metropolitan Statistical Area,16540,96.3,,,,96,,,,96.3,,,,95.9,,,,95.9,,,
61,"Champaign-Urbana, IL",Metropolitan Statistical Area,16580,94.1,95.8,89,94.9,94.2,96.5,89,94.3,93.7,96.6,87.1,94,93.9,96.5,88,94.1,93.9,96.4,88.4,94.1
62,"Charleston, WV",Metropolitan Statistical Area,16620,89.4,98.3,67.3,94.7,89.9,98.2,68.6,94.4,90.2,97.4,68.4,94,91.1,97.4,71.9,94.1,89.8,97.3,67.4,94
63,"Charleston-North Charleston, SC",Metropolitan Statistical Area,16700,96.7,98.6,95.6,95.1,96.8,98.6,96.3,94.8,96.3,97.9,96.7,94.3,96.7,97.8,98.5,94.4,95.7,97.7,94.6,94.3
64,"Charlotte-Concord-Gastonia, NC-SC",Metropolitan Statistical Area,16740,95.2,98.6,88,95.1,95,98.6,87.8,94.7,94.3,97.8,86.7,94.3,94.3,97.8,87,94.3,94.3,97.7,87.3,94.3
65,"Charlottesville, VA",Metropolitan Statistical Area,16820,99.1,98.5,108.8,94.9,99.4,98.5,111.2,94.6,98.8,97.7,110.6,94.2,98.9,97.6,111.6,94.2,99.1,97.5,113.9,94.2
66,"Chattanooga, TN-GA",Metropolitan Statistical Area,16860,91,98.5,72.8,94.9,91.2,98.4,74.1,94.6,91.1,97.6,74.5,94.2,91.2,97.6,74.8,94.2,90.5,97.5,72.5,94.2
67,"Cheyenne, WY",Metropolitan Statistical Area,16940,93.9,95.9,81.9,97.6,94.3,96.7,79.6,99.3,94.9,97.2,80,100.2,95.8,97.1,84.6,100,96.3,96.9,87.8,99.7
68,"Chicago-Naperville-Elgin, IL-IN-WI",Metropolitan Statistical Area,16980,105.7,104.8,114,102.6,106.1,104.7,113.7,103.9,105.8,104.8,112.1,103.5,105.8,104.9,112,103.6,106.6,104.8,117.4,103.5
69,"Chico, CA",Metropolitan Statistical Area,17020,97.4,95.9,100.8,97.6,98.5,96.7,101.2,99.3,98.4,97.2,98.1,100.2,98.3,97.1,98.3,100,100.2,96.9,108.6,99.7
70,"Cincinnati, OH-KY-IN",Metropolitan Statistical Area,17140,94.9,95.6,85.8,98.6,93.4,94.8,85.1,96.1,92.5,93.9,84.2,95,92.6,93.8,84.5,95,91.5,93.6,80.5,95
71,"Clarksville, TN-KY",Metropolitan Statistical Area,17300,90.3,98.3,71.9,94.8,90.6,98.3,73.6,94.4,90.7,97.5,75.1,94.1,91.6,97.5,78.4,94.1,90.9,97.4,75.9,94.1
72,"Cleveland, TN",Metropolitan Statistical Area,17420,83.9,94.1,70,89.6,85,94.2,71.5,89.8,85.2,93.3,70.4,90.8,85.4,93.2,71.2,90.9,83,93.1,65.5,90.8
73,"Cleveland-Elyria, OH",Metropolitan Statistical Area,17460,90.2,94.4,86,88,89.4,93.9,83.5,87.9,89.3,94.1,81.7,88.1,89.1,94.1,80.8,88.1,89.2,94,81.5,88.1
74,"Coeur d'Alene, ID",Metropolitan Statistical Area,17660,95,99.9,83,98.8,93.9,99.2,82.6,95.8,92.9,99.4,79.8,94.8,93.3,99.5,81.5,94.7,93.4,99.5,82.5,94.8
75,"College Station-Bryan, TX",Metropolitan Statistical Area,17780,94,98.2,86.3,94.6,94.4,98.2,88.1,94.3,94.1,97.4,88.8,94,94.9,97.3,92.3,94,94.3,97.2,90.1,94
76,"Colorado Springs, CO",Metropolitan Statistical Area,17820,97.2,96,99.8,97.6,97.9,96.8,98.2,99.2,97.8,97.3,95.1,100.1,97.9,97.2,95.9,99.9,98.6,97,100.6,99.6
77,"Columbia, MO",Metropolitan Statistical Area,17860,93.3,96.2,83,95.4,93.5,96.9,83.8,94.7,92.9,97.1,81.2,94.4,93.1,97,82.2,94.5,92.2,96.9,78.8,94.5
78,"Columbia, SC",Metropolitan Statistical Area,17900,93.6,98.3,83.7,94.7,93.6,98.3,84.1,94.4,93.3,97.4,83.9,94.1,93.5,97.4,84.9,94.1,92.1,97.3,79.8,94
79,"Columbus, GA-AL",Metropolitan Statistical Area,17980,92.3,98.6,78.1,95.1,92.4,98.6,79.2,94.7,91.8,97.8,78.1,94.3,92.3,97.8,80,94.3,89,97.6,69.4,94.3
80,"Columbus, IN",Metropolitan Statistical Area,18020,87.4,89.1,85.5,86.9,87.2,89.7,83.1,87.4,87.4,90.1,82,87.8,87.6,90.1,82.8,87.9,87.3,89.9,82,87.8
81,"Columbus, OH",Metropolitan Statistical Area,18140,94.6,96.3,88.9,95.4,94.5,97,88.3,94.7,94.2,97.1,87.2,94.5,94.2,97,87.2,94.5,93.8,96.9,85.8,94.5
82,"Corpus Christi, TX",Metropolitan Statistical Area,18580,95.8,98.5,92,94.9,95.1,98.4,89.9,94.6,94.3,97.7,87.8,94.2,93.9,97.6,86.2,94.2,92.6,97.5,81.4,94.2
83,"Corvallis, OR",Metropolitan Statistical Area,18700,97,99.9,89.9,98.8,96.4,99.2,92,95.8,95.4,99.4,88.8,94.8,95.8,99.5,90.7,94.7,97.4,99.5,97.5,94.8
,"Crestview-Fort Walton Beach-Destin, FL",Metropolitan Statistical Area,18880,,,,,98,98.6,101.8,94.8,97.3,97.9,100.8,94.3,96.9,97.8,99.1,94.4,96.9,97.7,99.5,94.3
84,"Cumberland, MD-WV",Metropolitan Statistical Area,19060,89.9,98.6,68.2,95.1,90.4,98.6,70.2,94.8,90.7,97.9,70.3,94.3,90.3,97.8,69.1,94.4,88.2,97.7,62.3,94.3
85,"Dallas-Fort Worth-Arlington, TX",Metropolitan Statistical Area,19100,102.4,99.7,103.9,104.7,102.1,98.9,102.6,105.6,101.3,98.3,100.6,105.1,101.2,98.3,100.4,105.1,101,98.4,99.4,105
86,"Dalton, GA",Metropolitan Statistical Area,19140,86.2,94.1,75.4,89.6,85.9,94.2,73.6,89.8,86.5,93.3,73.5,90.8,85.4,93.2,70.6,90.9,85,93.1,70,90.8
87,"Danville, IL",Metropolitan Statistical Area,19180,81.3,89.1,66.4,86.9,82.8,89.7,69.4,87.4,83.5,90.1,67.7,87.8,83.9,90.1,69.1,87.9,79.4,89.9,57,87.8
88,"Daphne-Fairhope-Foley, AL",Metropolitan Statistical Area,19300,92.1,,,,92.3,,,,92,,,,88.8,,,,89,,,
89,"Davenport-Moline-Rock Island, IA-IL",Metropolitan Statistical Area,19340,91.8,96.3,75.4,95.4,91.9,97,75.9,94.8,91.9,97.1,75.1,94.5,91.9,97,75.2,94.5,92.1,96.9,76.5,94.5
90,"Dayton, OH",Metropolitan Statistical Area,19380,92.9,96.2,81.4,95.4,92.6,97,80.2,94.7,92.4,97.1,79,94.4,92.4,97,79.2,94.5,91,96.9,74.1,94.5
91,"Decatur, AL",Metropolitan Statistical Area,19460,88.2,98.6,62.1,95.1,88.6,98.6,63.5,94.8,89.3,97.9,63.4,94.3,89.2,97.8,63,94.4,86.9,97.7,56,94.3
92,"Decatur, IL",Metropolitan Statistical Area,19500,91.8,96.5,74.2,95.6,91.7,97.2,73.8,95,91.4,97.3,71.5,94.7,91.4,97.2,71.9,94.7,89.7,97.1,65.6,94.7
93,"Deltona-Daytona Beach-Ormond Beach, FL",Metropolitan Statistical Area,19660,98.3,98.6,102.3,95.1,97.9,98.6,101.2,94.8,96.1,97.9,95.8,94.3,95.7,97.8,94.4,94.4,95.5,97.7,93.7,94.3
94,"Denver-Aurora-Lakewood, CO",Metropolitan Statistical Area,19740,100.3,103.8,106.3,93.8,101.9,104.4,106.5,96.7,102.6,104,105.8,99.4,102.7,104.2,106.2,99.3,104.3,104.1,113.3,99.4
95,"Des Moines-West Des Moines, IA",Metropolitan Statistical Area,19780,94.7,96.3,88.9,95.4,94.6,97,88.1,94.8,94.1,97.1,86.1,94.5,94.4,97,87.4,94.5,94.5,96.9,88.7,94.5
96,"Detroit-Warren-Dearborn, MI",Metropolitan Statistical Area,19820,99.8,98.9,96.4,102.2,99.5,99.4,94.6,101.9,98.9,99.5,93.1,100.8,98.8,99.5,92.5,100.8,97.8,99.5,88.8,100.5
97,"Dothan, AL",Metropolitan Statistical Area,20020,86.8,97.8,62.2,94.2,86.8,97.8,62.3,93.9,87,96.9,60.8,93.7,87.6,96.9,62.7,93.7,85,96.8,55.6,93.7
98,"Dover, DE",Metropolitan Statistical Area,20100,97.3,98.6,98.1,95.1,97.5,98.6,99.5,94.8,95.7,97.9,93.7,94.3,95.3,97.8,92,94.4,94.1,97.7,87.1,94.3
99,"Dubuque, IA",Metropolitan Statistical Area,20220,92,96.5,77,95.6,91.7,97.2,75.6,95,92,97.3,76.1,94.7,92.2,97.2,76.8,94.7,92.9,97.1,80.3,94.7
100,"Duluth, MN-WI",Metropolitan Statistical Area,20260,92.3,95.9,80.8,94.9,92.9,96.6,83.5,94.3,91.9,96.7,79.5,94.1,92.1,96.6,80.3,94.1,91.7,96.5,79.1,94.2
101,"Durham-Chapel Hill, NC",Metropolitan Statistical Area,20500,96.1,98.5,92.8,95,95.6,98.5,91.3,94.6,94.5,97.7,88.3,94.2,94.6,97.6,89.1,94.2,95,97.5,91.4,94.2
102,"East Stroudsburg, PA",Metropolitan Statistical Area,20700,99.3,,,,99.4,,,,99.7,,,,99.9,,,,99.9,,,
103,"Eau Claire, WI",Metropolitan Statistical Area,20740,92.8,96.5,79.6,95.6,92.9,97.2,80.3,95,92.5,97.3,78.6,94.7,92.4,97.2,78.4,94.7,92.3,97.1,78.1,94.7
104,"El Centro, CA",Metropolitan Statistical Area,20940,93.1,99.9,77.5,98.8,92.5,99.2,78.1,95.8,92.1,99.4,76.5,94.8,92.1,99.5,76.8,94.7,92.2,99.5,77.9,94.8
105,"El Paso, TX",Metropolitan Statistical Area,21340,89.4,98.6,69.3,95.1,89.6,98.6,70.1,94.8,89.5,97.9,71.3,94.3,90.4,97.8,74,94.4,90.8,97.7,75.6,94.3
106,"Elizabethtown-Fort Knox, KY",Metropolitan Statistical Area,21060,83.7,94.1,69.5,89.6,85.7,94.2,73.5,89.8,86,93.3,73.4,90.8,87.1,93.2,76.4,90.9,86.7,93.1,75.7,90.8
107,"Elkhart-Goshen, IN",Metropolitan Statistical Area,21140,93.5,96.5,83,95.6,93.3,97.2,81.9,95,92.9,97.3,80.5,94.7,92.1,97.2,77.4,94.7,91.6,97.1,75.9,94.7
108,"Elmira, NY",Metropolitan Statistical Area,21300,95.5,98.5,84,99.3,95.5,98.3,84.8,98.8,94.9,98,83.6,97.9,94.8,98,83,98,94.2,98,81.1,97.9
109,"Erie, PA",Metropolitan Statistical Area,21500,93.6,98.5,76.4,99.3,93.4,98.3,76.7,98.8,92.9,98,75.5,97.9,93.2,98,76.4,98,93,98,76.1,97.9
110,"Eugene, OR",Metropolitan Statistical Area,21660,95,95.9,89,97.6,96.1,96.7,90,99.3,96.1,97.2,88.1,100.2,96.5,97.1,89.7,100,97.7,96.9,96.2,99.7
111,"Evansville, IN-KY",Metropolitan Statistical Area,21780,91.6,96,76.1,95.1,91.7,96.7,77.1,94.5,92.3,96.8,78.3,94.2,92.5,96.7,79.5,94.2,90.4,96.6,71.2,94.3
112,"Fairbanks, AK",Metropolitan Statistical Area,21820,105.8,99.9,134.4,98.8,104.7,99.2,138.6,95.8,104.6,99.4,140.3,94.8,105.2,99.5,143.9,94.7,106.8,99.5,154.9,94.8
113,"Fargo, ND-MN",Metropolitan Statistical Area,22020,91.5,96.5,74.2,95.6,91.7,97.2,75.4,95,91.8,97.3,76.1,94.7,92,97.2,77.2,94.7,93.5,97.1,83.8,94.7
114,"Farmington, NM",Metropolitan Statistical Area,22140,93.4,99.8,75,98.8,92.3,99.2,74.1,95.8,92.8,99.4,75.2,94.8,91.6,99.5,71.4,94.7,92.7,99.5,76,94.8
115,"Fayetteville, NC",Metropolitan Statistical Area,22180,92.6,98.4,80.3,94.8,92.7,98.3,81.2,94.5,92.5,97.5,81.9,94.1,92.7,97.5,82.7,94.1,91.5,97.3,78.8,94.1
116,"Fayetteville-Springdale-Rogers, AR-MO",Metropolitan Statistical Area,22220,92.2,98.3,77.8,94.8,91.5,98.3,75.4,94.5,90.8,97.6,73.5,94.1,90.9,97.5,74,94.1,90.3,97.4,72,94.1
117,"Flagstaff, AZ",Metropolitan Statistical Area,22380,98.9,99.9,97.3,98.8,98,99.2,98.9,95.8,97.6,99.4,98.2,94.8,97.6,99.5,98.4,94.7,98.4,99.5,102.3,94.8
118,"Flint, MI",Metropolitan Statistical Area,22420,95.7,98.9,77,102.2,95.5,99.4,76.2,101.9,95.6,99.5,76.2,100.8,95.6,99.5,76.5,100.8,93.8,99.5,70.6,100.5
119,"Florence, SC",Metropolitan Statistical Area,22500,87.4,97.7,64.1,94,87.5,97.6,64.8,93.7,87.8,96.8,63.9,93.6,88,96.7,64.5,93.6,85.5,96.6,57.6,93.6
120,"Florence-Muscle Shoals, AL",Metropolitan Statistical Area,22520,88,98.6,61.7,95.1,87.7,98.6,62,94.8,88.3,97.9,60.4,94.3,88.4,97.8,60.7,94.4,84.5,97.7,50.2,94.3
121,"Fond du Lac, WI",Metropolitan Statistical Area,22540,85.8,89.1,79.2,86.9,85.8,89.7,77.8,87.4,86.1,90.1,77,87.8,86,90.1,76.6,87.9,85.8,89.9,76.2,87.8
122,"Fort Collins, CO",Metropolitan Statistical Area,22660,96.3,95.9,95,97.6,97.8,96.7,97.8,99.3,98.4,97.2,98.3,100.2,98.7,97.1,100,100,100.3,96.9,110.4,99.7
123,"Fort Smith, AR-OK",Metropolitan Statistical Area,22900,88.3,98.1,66.1,94.5,87.6,98,63.9,94.1,88,97.2,63.3,93.9,87.9,97.1,63.3,93.9,85.6,97,56.8,93.9
124,"Fort Wayne, IN",Metropolitan Statistical Area,23060,92.1,96.5,75.5,95.6,91.9,97.2,74.6,95,91.4,97.3,72.1,94.7,91.2,97.2,71.7,94.7,91.1,97.1,71.5,94.7
125,"Fresno, CA",Metropolitan Statistical Area,23420,96,95.9,93.6,97.6,97.1,96.7,94.2,99.3,97.2,97.2,92.4,100.2,97.1,97.1,92.2,100,97.6,96.9,95.5,99.7
126,"Gadsden, AL",Metropolitan Statistical Area,23460,87.4,98.6,61,95.1,86.8,98.6,60.6,94.8,88.4,97.9,61.2,94.3,88.7,97.8,62.3,94.4,84.7,97.7,51.2,94.3
127,"Gainesville, FL",Metropolitan Statistical Area,23540,97.4,98.5,98.9,95,98.2,98.5,103.4,94.6,97.6,97.7,102.7,94.2,96.9,97.7,99.6,94.3,96.3,97.5,97.4,94.2
128,"Gainesville, GA",Metropolitan Statistical Area,23580,90,94.1,85.6,89.6,89.5,94.2,83.3,89.8,89.5,93.3,83.2,90.8,89.9,93.2,84.5,90.9,90.6,93.1,87.2,90.8
129,"Gettysburg, PA",Metropolitan Statistical Area,23900,96.3,,,,96,,,,96.3,,,,95.9,,,,95.9,,,
130,"Glens Falls, NY",Metropolitan Statistical Area,24020,98.9,98.5,99,99.3,97.9,98.3,95.6,98.8,97.3,98,94.8,97.9,97.4,98,95.1,98,97.7,98,96.7,97.9
131,"Goldsboro, NC",Metropolitan Statistical Area,24140,87.2,98.6,61.3,95.1,87.5,98.6,62.4,94.8,88.7,97.9,64.5,94.3,89.4,97.8,66.8,94.4,86.8,97.7,58.9,94.3
132,"Grand Forks, ND-MN",Metropolitan Statistical Area,24220,91.9,96.5,75.7,95.6,92.6,97.2,78.2,95,92.2,97.3,77.6,94.7,91.8,97.2,76,94.7,92.8,97.1,80.5,94.7
133,"Grand Island, NE",Metropolitan Statistical Area,24260,83.4,,,,84,,,,84.8,,,,83.5,,,,84.7,,,
134,"Grand Junction, CO",Metropolitan Statistical Area,24300,96.4,99.9,87.4,98.8,96.3,99.2,91.7,95.8,96.5,99.4,93.3,94.8,95.6,99.5,90,94.7,95.1,99.5,88.4,94.8
135,"Grand Rapids-Wyoming, MI",Metropolitan Statistical Area,24340,93,95.4,85.6,94.4,92.7,96.1,83.6,93.9,92.5,96.3,82.8,93.7,92.4,96.2,82.4,93.8,92.3,96.1,82.5,93.8
136,"Grants Pass, OR",Metropolitan Statistical Area,24420,94.7,,,,93.6,,,,93.4,,,,93.6,,,,93.7,,,
137,"Great Falls, MT",Metropolitan Statistical Area,24500,90.2,95.9,67.3,97.6,90.9,96.7,66.5,99.3,92.9,97.2,73.1,100.2,92.8,97.1,72.7,100,94.3,96.9,79.2,99.7
138,"Greeley, CO",Metropolitan Statistical Area,24540,97,103.8,89.6,93.7,97.7,104.6,87,96.7,97.4,104.1,84.5,99.5,96.6,104.3,82.5,99.4,97.6,104.2,86.8,99.4
139,"Green Bay, WI",Metropolitan Statistical Area,24580,92.4,95.5,81.5,94.6,92,96.2,79.6,94,91.8,96.4,77.7,93.8,91.9,96.3,78.5,93.8,92.1,96.2,79.5,93.9
140,"Greensboro-High Point, NC",Metropolitan Statistical Area,24660,92.4,98.3,77.9,94.8,91.9,98.3,77,94.4,91.2,97.5,75.3,94.1,91.2,97.5,75.4,94.1,90.4,97.3,72.6,94.1
141,"Greenville, NC",Metropolitan Statistical Area,24780,91.2,98.4,75.2,94.9,91.8,98.4,77.3,94.5,91.6,97.6,76.6,94.2,91.8,97.5,77.5,94.2,88.4,97.4,66,94.1
142,"Greenville-Anderson-Mauldin, SC",Metropolitan Statistical Area,24860,91.8,98.4,75.7,94.9,92,98.4,77.2,94.5,91.3,97.6,75.6,94.2,91.9,97.6,77.8,94.2,90.9,97.4,74.1,94.1
143,"Gulfport-Biloxi-Pascagoula, MS",Metropolitan Statistical Area,25060,95.9,98.5,92.5,94.9,95.7,98.4,92.3,94.6,94.2,97.7,88.1,94.2,92.7,97.6,82.8,94.2,90.6,97.5,75.8,94.2
144,"Hagerstown-Martinsburg, MD-WV",Metropolitan Statistical Area,25180,102.8,105.5,87.6,111.7,103.3,106.1,88.6,113.1,102.5,106.4,86.7,112,102.9,106.4,87.7,111.9,102.6,106.2,86.6,111.7
145,"Hammond, LA",Metropolitan Statistical Area,25220,90.3,,,,90.5,,,,90.9,,,,88.5,,,,88.9,,,
146,"Hanford-Corcoran, CA",Metropolitan Statistical Area,25260,97.1,99.9,90.5,98.8,95.8,99.2,89.9,95.8,94.9,99.4,86.9,94.8,95.3,99.5,88.3,94.7,95.5,99.5,89.8,94.8
147,"Harrisburg-Carlisle, PA",Metropolitan Statistical Area,25420,96.9,98.5,89.2,99.3,96.8,98.3,90,98.8,96.4,98,90.2,97.9,96.8,98,91.9,98,96.6,98,91.3,97.9
148,"Harrisonburg, VA",Metropolitan Statistical Area,25500,90.1,94.1,86.1,89.6,91.9,94.2,91.1,89.8,91.9,93.3,91,90.8,91.9,93.2,91.5,90.9,92.1,93.1,92.3,90.8
149,"Hartford-West Hartford-East Hartford, CT",Metropolitan Statistical Area,25540,101.6,98.7,112.8,99.8,101.8,98.5,114.8,99.3,101,98.2,113,98.4,100.8,98.3,111.9,98.4,100.9,98.2,112.7,98.3
150,"Hattiesburg, MS",Metropolitan Statistical Area,25620,85.7,94.1,74.1,89.6,86.3,94.2,74.3,89.8,86.5,93.3,73.6,90.8,86.2,93.2,73,90.9,84.8,93.1,69.4,90.8
151,"Hickory-Lenoir-Morganton, NC",Metropolitan Statistical Area,25860,90.1,98.6,68.9,95.1,90.2,98.6,69.9,94.8,90,97.9,69.4,94.3,90.3,97.8,70.2,94.4,89,97.7,66.3,94.3
152,"Hilton Head Island-Bluffton-Beaufort, SC",Metropolitan Statistical Area,25940,93,,,,93.9,,,,93,,,,92,,,,91.9,,,
153,"Hinesville, GA",Metropolitan Statistical Area,25980,88.9,94.1,83.4,89.6,89.1,94.2,83.2,89.8,90.1,93.3,85.9,90.8,91.1,93.2,89,90.9,92.1,93.1,92.4,90.8
154,"Homosassa Springs, FL",Metropolitan Statistical Area,26140,90.1,,,,90.2,,,,90.5,,,,89.6,,,,89.7,,,
155,"Hot Springs, AR",Metropolitan Statistical Area,26300,87.5,94.1,79.1,89.6,87,94.2,76.8,89.8,87.7,93.3,76.9,90.8,87.4,93.2,76.5,90.9,85.4,93.1,71.1,90.8
156,"Houma-Thibodaux, LA",Metropolitan Statistical Area,26380,91.5,98.6,71.7,95.1,91.2,98.6,71.6,94.8,91.5,97.9,73.3,94.3,92.2,97.8,76.3,94.4,92.6,97.7,78.2,94.3
157,"Houston-The Woodlands-Sugar Land, TX",Metropolitan Statistical Area,26420,100.5,99,100.5,102.3,101,99.2,101.1,103.1,101,98.7,99.8,104.2,101,98.6,99.5,104.5,100.7,98.5,98.3,104.6
158,"Huntington-Ashland, WV-KY-OH",Metropolitan Statistical Area,26580,88.4,98.6,63.4,95.1,88,98.6,63.3,94.8,88.6,97.9,62.3,94.3,89.5,97.8,65.5,94.4,86.7,97.7,57,94.3
159,"Huntsville, AL",Metropolitan Statistical Area,26620,92.6,98.6,75.8,95.1,92.5,98.6,75.9,94.8,92.1,97.9,75.4,94.3,92.5,97.8,77.2,94.4,91.3,97.7,72.5,94.3
160,"Idaho Falls, ID",Metropolitan Statistical Area,26820,92.9,99.8,75.1,98.8,92.2,99.2,75.3,95.8,91.9,99.4,74,94.8,91.6,99.5,73.3,94.7,91.1,99.5,72.8,94.8
161,"Indianapolis-Carmel-Anderson, IN",Metropolitan Statistical Area,26900,94.5,96.3,88,95.5,94.5,97.1,88.2,94.8,94.2,97.2,86.8,94.5,94.2,97.1,86.9,94.6,93.9,97,86.1,94.6
162,"Iowa City, IA",Metropolitan Statistical Area,26980,95.2,95.8,94.5,94.9,94.8,96.5,92,94.3,94.3,96.7,89.5,94,94.7,96.6,91.9,94.1,95.9,96.5,98,94.1
163,"Ithaca, NY",Metropolitan Statistical Area,27060,103.1,98.5,122.1,99.3,102.8,98.3,120.3,98.8,101.9,98,117.2,97.9,102.2,98,118.8,98,104.3,98,131.6,97.9
164,"Jackson, MI",Metropolitan Statistical Area,27100,92.7,96.5,80,95.6,92.1,97.2,78.2,95,91.4,97.3,74.9,94.7,91.3,97.2,74.4,94.7,90.9,97.1,73.6,94.7
165,"Jackson, MS",Metropolitan Statistical Area,27140,93.9,98.4,83.5,94.9,93.5,98.4,82.7,94.5,92.9,97.6,81.1,94.2,92.7,97.6,80.6,94.2,91.5,97.5,76.2,94.2
166,"Jackson, TN",Metropolitan Statistical Area,27180,85.2,94.1,73.2,89.6,85.9,94.2,73.9,89.8,86.5,93.3,73.1,90.8,85.8,93.2,71.6,90.9,81.5,93.1,61.4,90.8
167,"Jacksonville, FL",Metropolitan Statistical Area,27260,97.4,98.6,98.9,95.1,97.4,98.6,99.7,94.7,96.8,97.8,99.1,94.3,96.9,97.8,99.5,94.3,96.3,97.7,97,94.3
168,"Jacksonville, NC",Metropolitan Statistical Area,27340,94,98.6,84.7,95.1,95.3,98.6,90.5,94.8,95.6,97.9,93.6,94.3,95.9,97.8,95.1,94.4,96,97.7,95.7,94.3
169,"Janesville-Beloit, WI",Metropolitan Statistical Area,27500,93.9,96.5,84.6,95.6,93.5,97.2,83.2,95,92.7,97.3,79.6,94.7,93.3,97.2,82.2,94.7,92.8,97.1,80.5,94.7
170,"Jefferson City, MO",Metropolitan Statistical Area,27620,81.7,89.1,65.9,86.9,82.3,89.7,66.2,87.4,82.4,90.1,63.2,87.8,82.3,90.1,63.1,87.9,80.8,89.9,59.1,87.8
171,"Johnson City, TN",Metropolitan Statistical Area,27740,87.9,98.6,62.7,95.1,89.1,98.6,66.5,94.8,89,97.9,65.9,94.3,88.9,97.8,65.7,94.4,88.3,97.7,64,94.3
172,"Johnstown, PA",Metropolitan Statistical Area,27780,87.1,98.5,56.2,99.3,86.9,98.3,56.8,98.8,88.9,98,58.1,97.9,89.6,98,60,98,87.2,98,53.8,97.9
173,"Jonesboro, AR",Metropolitan Statistical Area,27860,81.3,94.1,63,89.6,82.5,94.2,64.3,89.8,83.5,93.3,64.4,90.8,84.2,93.2,66.6,90.9,81.7,93.1,60.8,90.8
174,"Joplin, MO",Metropolitan Statistical Area,27900,89.6,96.5,67.8,95.6,89.5,97.2,67.2,95,90.4,97.3,68.2,94.7,90.2,97.2,67.6,94.7,87.8,97.1,60.1,94.7
175,"Kahului-Wailuku-Lahaina, HI",Metropolitan Statistical Area,27980,113.9,,,,111.9,,,,112,,,,112.8,,,,112.9,,,
176,"Kalamazoo-Portage, MI",Metropolitan Statistical Area,28020,93.5,96.5,82.9,95.6,93.3,97.2,82.2,95,92.8,97.3,80.2,94.7,92.5,97.2,79.1,94.7,92.7,97.1,80.3,94.7
177,"Kankakee, IL",Metropolitan Statistical Area,28100,100.1,104.8,88.4,102.6,100.1,104.7,87.5,103.9,100,104.9,85.9,103.6,100.6,104.9,87.9,103.7,99.1,104.8,82.2,103.6
178,"Kansas City, MO-KS",Metropolitan Statistical Area,28140,93.3,98.8,89.3,89.1,93.5,97.8,88.8,91,93.6,96.5,88.1,92.8,93.6,96.4,88.2,92.8,92.7,96.2,84.3,92.8
179,"Kennewick-Richland, WA",Metropolitan Statistical Area,28420,93.9,95.9,82.4,97.6,95.1,96.7,83.7,99.3,95.7,97.2,84.2,100.2,96.3,97.1,87.4,100,97.1,96.9,92.3,99.7
180,"Killeen-Temple, TX",Metropolitan Statistical Area,28660,94.7,98.5,87.4,95,94.4,98.5,86.7,94.6,93.9,97.7,86.7,94.2,93.8,97.6,86.2,94.2,92.4,97.5,81.6,94.2
181,"Kingsport-Bristol-Bristol, TN-VA",Metropolitan Statistical Area,28700,87.5,98.6,59.5,95.1,87.4,98.6,60.4,94.8,87.3,97.9,59.5,94.3,87.9,97.8,61.2,94.4,86.9,97.7,58.6,94.3
182,"Kingston, NY",Metropolitan Statistical Area,28740,104.1,98.5,127.8,99.3,103.6,98.3,126.3,98.8,102.8,98,124.3,97.9,102.5,98,122.9,98,102.6,98,123.3,97.9
183,"Knoxville, TN",Metropolitan Statistical Area,28940,92.2,98.6,76.1,95.1,92.2,98.6,76.5,94.8,91.5,97.9,75.2,94.3,92.1,97.8,77.4,94.4,91.6,97.7,76,94.3
184,"Kokomo, IN",Metropolitan Statistical Area,29020,90.6,96.5,70.1,95.6,90,97.2,68.5,95,90.6,97.3,69.3,94.7,90.4,97.2,68.7,94.7,88.2,97.1,62.1,94.7
185,"La Crosse-Onalaska, WI-MN",Metropolitan Statistical Area,29100,92.2,96.5,76.3,95.6,92.5,97.2,78,95,92.6,97.3,79.2,94.7,93.3,97.2,82.1,94.7,93.7,97.1,84.3,94.7
186,"Lafayette, LA",Metropolitan Statistical Area,29180,92.3,98.6,75.4,95.1,92.7,98.6,77.7,94.8,91.5,97.9,74.4,94.3,92.3,97.8,77.6,94.4,91.8,97.7,75.7,94.3
187,"Lafayette-West Lafayette, IN",Metropolitan Statistical Area,29200,94,95.7,89.4,94.8,94.1,96.4,89.3,94.2,93.7,96.6,87.7,94,93.8,96.5,87.9,94,93.9,96.4,88.8,94.1
188,"Lake Charles, LA",Metropolitan Statistical Area,29340,90.5,98.5,69.8,95,90.7,98.5,70.8,94.7,90.4,97.7,70,94.3,90.3,97.7,69.6,94.3,88.5,97.6,64,94.2
189,"Lake Havasu City-Kingman, AZ",Metropolitan Statistical Area,29420,94.8,95.9,88,97.6,95.6,96.7,87.9,99.3,95,97.2,82.6,100.2,94.4,97.1,80.4,100,93.8,96.9,78.9,99.7
190,"Lakeland-Winter Haven, FL",Metropolitan Statistical Area,29460,96.6,98.6,94.9,95.1,96.2,98.6,94,94.8,95.1,97.9,91.5,94.3,94.9,97.8,90.7,94.4,93.9,97.7,87,94.3
191,"Lancaster, PA",Metropolitan Statistical Area,29540,97.6,98.5,92.3,99.3,97.4,98.3,92.9,98.8,96.8,98,92.4,97.9,96.9,98,92.6,98,98.5,98,101.1,97.9
192,"Lansing-East Lansing, MI",Metropolitan Statistical Area,29620,95,96.5,90.7,95.6,95,97.2,90.4,95,94.3,97.3,87,94.7,94.1,97.2,86.3,94.7,94.4,97.1,88.3,94.7
193,"Laredo, TX",Metropolitan Statistical Area,29700,91.4,98.6,75.7,95.1,92.1,98.6,78.6,94.8,91.8,97.9,77.5,94.3,91.9,97.8,77.9,94.4,88.9,97.7,68.5,94.3
194,"Las Cruces, NM",Metropolitan Statistical Area,29740,92.2,95.9,76.7,97.6,92.5,96.7,74.4,99.3,93.1,97.2,74.7,100.2,92.6,97.1,73.2,100,92.5,96.9,73.4,99.7
195,"Las Vegas-Henderson-Paradise, NV",Metropolitan Statistical Area,29820,100.3,95.9,117.6,97.6,101.2,96.7,116.7,99.3,100.9,97.2,111.1,100.2,100.1,97.1,107.1,100,99.3,96.9,103.6,99.7
196,"Lawrence, KS",Metropolitan Statistical Area,29940,95.1,96.5,91.3,95.6,95.6,97.2,93.5,95,95.5,97.3,93,94.7,95.7,97.2,94.5,94.7,95.5,97.1,93.5,94.7
197,"Lawton, OK",Metropolitan Statistical Area,30020,91.1,98.6,72.6,95.1,91.6,98.6,74.8,94.8,91.1,97.9,74,94.3,92.3,97.8,78.3,94.4,91.5,97.7,75.4,94.3
198,"Lebanon, PA",Metropolitan Statistical Area,30140,95.2,98.5,81.1,99.3,94.5,98.3,79.9,98.8,94.4,98,81.3,97.9,94.7,98,82.3,98,94.9,98,83.7,97.9
199,"Lewiston, ID-WA",Metropolitan Statistical Area,30300,91,99.8,67.9,98.8,90.3,99.2,67.9,95.8,91,99.4,70.1,94.8,90.7,99.5,69.6,94.7,91.7,99.5,73.7,94.8
200,"Lewiston-Auburn, ME",Metropolitan Statistical Area,30340,93.8,98.5,79.1,99.3,95.1,98.3,84.6,98.8,94.6,98,83.8,97.9,94.1,98,81.5,98,95,98,85.6,97.9
201,"Lexington-Fayette, KY",Metropolitan Statistical Area,30460,93.1,98.6,79.1,95.1,93.2,98.6,80.1,94.8,92.7,97.9,79.6,94.3,92.5,97.8,79,94.4,92.2,97.7,77.8,94.3
202,"Lima, OH",Metropolitan Statistical Area,30620,89.7,96.5,67.2,95.6,89.4,97.2,66.8,95,89.8,97.3,66.3,94.7,89.5,97.2,65.4,94.7,89,97.1,64.4,94.7
203,"Lincoln, NE",Metropolitan Statistical Area,30700,92.4,96.2,79,95.3,92.2,96.9,78.1,94.7,91.9,97,76.9,94.4,91.8,96.9,77,94.5,92.9,96.8,81.7,94.5
204,"Little Rock-North Little Rock-Conway, AR",Metropolitan Statistical Area,30780,93.7,98.6,82.2,95,93.4,98.5,81.9,94.7,93.2,97.7,81.9,94.3,93.2,97.7,81.8,94.3,91.1,97.6,73.8,94.2
205,"Logan, UT-ID",Metropolitan Statistical Area,30860,93.1,99.8,75.1,98.8,92.4,99.2,75.6,95.8,91.7,99.4,72.6,94.8,91.5,99.5,72.1,94.7,90.8,99.5,71,94.8
206,"Longview, TX",Metropolitan Statistical Area,30980,91.6,97.9,76.6,94.3,91.7,97.9,77,94,91.3,97.1,76,93.8,91.9,97,78.4,93.8,91.9,96.9,78.6,93.8
207,"Longview, WA",Metropolitan Statistical Area,31020,93.7,99.9,78.7,98.8,92.9,99.2,78.8,95.8,92.9,99.4,79.3,94.8,92.5,99.5,78.1,94.7,94.1,99.5,84.4,94.8
208,"Los Angeles-Long Beach-Anaheim, CA",Metropolitan Statistical Area,31080,113.5,103.2,150.7,107.9,114,103.3,152.5,108,115.2,103.6,150.8,108.3,115.4,103.4,150.5,108.4,118.2,103.3,168.5,108.3
209,"Louisville/Jefferson County, KY-IN",Metropolitan Statistical Area,31140,91.9,98.2,76.4,94.7,92,98.2,77.1,94.4,91.6,97.4,76.6,94,91.7,97.4,76.9,94,90.9,97.2,74.4,94
210,"Lubbock, TX",Metropolitan Statistical Area,31180,94.5,98.6,85.9,95.1,94.7,98.6,87.1,94.7,93.7,97.8,84.7,94.3,93.7,97.8,85.1,94.3,93.8,97.7,85.6,94.3
211,"Lynchburg, VA",Metropolitan Statistical Area,31340,90.4,98.5,69.6,95,91,98.5,72.6,94.6,91.4,97.7,74.3,94.2,92,97.6,76.6,94.2,90.6,97.5,71.7,94.2
212,"Macon, GA",Metropolitan Statistical Area,31420,90.7,98.1,73.6,94.6,90.2,98.1,72.7,94.2,90.9,97.3,74.3,94,91.1,97.3,75.1,94,88,97.1,65,93.9
213,"Madera, CA",Metropolitan Statistical Area,31460,95.6,95.9,91.9,97.6,96.3,96.7,90.7,99.3,96.7,97.2,90,100.2,95.6,97.1,85.4,100,96.4,96.9,89.6,99.7
214,"Madison, WI",Metropolitan Statistical Area,31540,96.7,95.9,103.2,94.9,96.7,96.6,102.4,94.3,96.4,96.7,100.6,94.1,96.5,96.6,100.9,94.2,97.9,96.5,109.3,94.2
215,"Manchester-Nashua, NH",Metropolitan Statistical Area,31700,109.7,99,128.3,113,108.9,98.1,124.8,113.2,108.3,97.6,122.4,112.9,108.1,97.8,121,112.9,108.9,97.8,125.9,112.9
,"Manhattan, KS",Metropolitan Statistical Area,31740,,,,,90.5,89.7,95.7,87.4,90.9,90.1,96,87.8,91.3,90.1,97.3,87.9,91.9,89.9,100.1,87.8
,"Mankato-North Mankato, MN",Metropolitan Statistical Area,31860,,,,,88,89.7,86.1,87.4,88.6,90.1,87.1,87.8,87.3,90.1,82.5,87.9,88.3,89.9,86.5,87.8
216,"Mansfield, OH",Metropolitan Statistical Area,31900,90.8,96.5,71.6,95.6,90.4,97.2,70.2,95,90.1,97.3,67.6,94.7,89.4,97.2,65.4,94.7,88.8,97.1,63.8,94.7
217,"McAllen-Edinburg-Mission, TX",Metropolitan Statistical Area,32580,87,98.6,62.1,95.1,87.3,98.6,63,94.8,87.6,97.9,61.9,94.3,87.7,97.8,62.2,94.4,85,97.7,55.3,94.3
218,"Medford, OR",Metropolitan Statistical Area,32780,95.7,95.9,92.2,97.6,96.8,96.7,93.2,99.3,96.8,97.2,90.7,100.2,96.9,97.1,91.5,100,98,96.9,97.4,99.7
219,"Memphis, TN-MS-AR",Metropolitan Statistical Area,32820,94.6,98.5,86.6,95,94.2,98.5,85.3,94.6,93.7,97.7,84.7,94.3,93.9,97.7,85.6,94.3,92.1,97.6,78.8,94.2
220,"Merced, CA",Metropolitan Statistical Area,32900,94.3,95.9,85.5,97.6,95,96.7,84.5,99.3,95.3,97.2,83.5,100.2,95.2,97.1,83.2,100,95.8,96.9,86.5,99.7
221,"Miami-Fort Lauderdale-West Palm Beach, FL",Metropolitan Statistical Area,33100,105.2,100.3,128.8,99.6,105.1,100,128.5,99.1,104.3,99.6,124,98.3,103.9,99.6,121.9,98.1,105,99.5,128.4,98.3
222,"Michigan City-La Porte, IN",Metropolitan Statistical Area,33140,86.2,89.1,81.2,86.9,86.4,89.7,80.4,87.4,85.6,90.1,76.1,87.8,85.1,90.1,74.5,87.9,84.4,89.9,72.8,87.8
223,"Midland, MI",Metropolitan Statistical Area,33220,86.5,,,,86.5,,,,86.8,,,,86.4,,,,86.9,,,
224,"Midland, TX",Metropolitan Statistical Area,33260,96,98.6,90.8,95.1,96.5,98.6,95,94.8,96.5,97.9,98,94.3,97.5,97.8,104.5,94.4,97.9,97.7,108,94.3
225,"Milwaukee-Waukesha-West Allis, WI",Metropolitan Statistical Area,33340,95,98.3,97.2,90.5,95,98.2,96.5,90.9,94.8,97.7,94.8,91.6,94.7,97.7,94.5,91.6,95.2,97.6,98.1,91.7
226,"Minneapolis-St. Paul-Bloomington, MN-WI",Metropolitan Statistical Area,33460,102.1,99.8,106.7,102.9,102.1,100.4,105.2,102.6,101.6,101.5,102.8,101.1,101.6,101.5,102.9,101,103,101.6,110.6,101.1
227,"Missoula, MT",Metropolitan Statistical Area,33540,96.6,99.9,88.8,98.8,94.9,99.2,86.2,95.8,94.5,99.4,85.6,94.8,94.8,99.5,87,94.7,96.5,99.5,93.7,94.8
228,"Mobile, AL",Metropolitan Statistical Area,33660,91.3,98.6,74.2,95.1,92.1,98.6,77.3,94.8,92,97.9,76.9,94.3,92,97.8,76.8,94.4,88.2,97.7,64.3,94.3
229,"Modesto, CA",Metropolitan Statistical Area,33700,97.8,95.9,102.7,97.6,99,96.7,104.1,99.3,99.1,97.2,101.5,100.2,98.8,97.1,100.9,100,99.1,96.9,102.8,99.7
230,"Monroe, LA",Metropolitan Statistical Area,33740,89.4,98.3,66.6,94.8,89.1,98.3,66,94.4,89.6,97.5,66,94.1,89.7,97.5,66.4,94.1,87.3,97.3,58.7,94.1
231,"Monroe, MI",Metropolitan Statistical Area,33780,97,98.9,82.3,102.2,97.1,99.4,82.6,101.9,97,99.5,83.3,100.8,97.7,99.5,86.8,100.8,96.7,99.5,83.2,100.5
232,"Montgomery, AL",Metropolitan Statistical Area,33860,93.4,98.6,81.5,95.1,93.3,98.6,81.8,94.7,93.1,97.8,81.6,94.3,93,97.7,81.1,94.3,90.1,97.6,70.6,94.3
233,"Morgantown, WV",Metropolitan Statistical Area,34060,86.5,94.1,75.1,89.6,87.3,94.2,76.6,89.8,88.7,93.3,79.6,90.8,89.5,93.2,82.4,90.9,88.5,93.1,79.5,90.8
234,"Morristown, TN",Metropolitan Statistical Area,34100,80.8,94.1,62.9,89.6,81.5,94.2,63.4,89.8,82.8,93.3,63.5,90.8,83.3,93.2,65,90.9,82.5,93.1,63.3,90.8
235,"Mount Vernon-Anacortes, WA",Metropolitan Statistical Area,34580,100.4,99.9,103.8,98.8,99.5,99.2,105.9,95.8,98.4,99.4,102.2,94.8,98,99.5,100.1,94.7,98.7,99.5,103.2,94.8
236,"Muncie, IN",Metropolitan Statistical Area,34620,91,96.5,74.4,95.6,91.2,97.2,75.2,95,90.3,97.3,71.6,94.7,90.4,97.2,72.1,94.7,89.7,97.1,70.2,94.7
237,"Muskegon, MI",Metropolitan Statistical Area,34740,90.7,96.5,72.9,95.6,90.4,97.2,71.9,95,90.8,97.3,72,94.7,90.7,97.2,71.8,94.7,89,97.1,66.6,94.7
238,"Myrtle Beach-Conway-North Myrtle Beach, SC-NC",Metropolitan Statistical Area,34820,95.4,98.6,89.8,95.1,95.7,98.6,91.9,94.8,94.5,97.9,90.5,94.3,94.7,97.8,91,94.4,93.3,97.7,86.9,94.3
239,"Napa, CA",Metropolitan Statistical Area,34900,117.6,112.8,142.2,110.4,116.1,110.2,141.9,110.1,115.5,108.8,139.9,109.3,116.2,108.9,144.1,109.1,118.5,108.9,157.8,109.2
240,"Naples-Immokalee-Marco Island, FL",Metropolitan Statistical Area,34940,101.3,98.6,125.1,95.1,100.9,98.6,123.5,94.8,99.5,97.9,115.5,94.3,98.4,97.8,109,94.4,99,97.7,112.9,94.3
241,"Nashville-Davidson--Murfreesboro--Franklin, TN",Metropolitan Statistical Area,34980,94.9,98.5,87.6,95,95,98.5,88.5,94.7,94.3,97.7,87.6,94.3,94.3,97.7,87.7,94.3,94.1,97.6,87.4,94.2
242,"New Bern, NC",Metropolitan Statistical Area,35100,87.5,,,,87.6,,,,87.7,,,,86.2,,,,86.5,,,
243,"New Haven-Milford, CT",Metropolitan Statistical Area,35300,115.8,109,122.3,119.6,115.5,108.5,124.9,118,114.7,108.9,122.5,116.4,114.7,108.9,122.1,116.5,113.5,108.8,116.8,116.5
244,"New Orleans-Metairie, LA",Metropolitan Statistical Area,35380,99.9,98.6,111.2,95.1,99.5,98.6,109.5,94.8,98.3,97.9,106.2,94.3,97.7,97.8,103.5,94.4,96.7,97.7,99,94.3
245,"New York-Newark-Jersey City, NY-NJ-PA",Metropolitan Statistical Area,35620,119.9,107,153,118.2,120.6,107,153.5,118.8,121.8,108,152.6,119.3,121.9,108.2,153.4,119.3,122.2,108.2,157.1,119.2
246,"Niles-Benton Harbor, MI",Metropolitan Statistical Area,35660,91.5,96.5,73.5,95.6,90.9,97.2,71.4,95,90.9,97.3,71.7,94.7,91,97.2,72,94.7,90.1,97.1,69.1,94.7
,"North Port-Sarasota-Bradenton, FL",Metropolitan Statistical Area,35840,,,,,99.9,98.6,112.1,94.8,98.4,97.9,106,94.3,97.9,97.8,104.1,94.4,98.8,97.7,108.8,94.3
247,"Norwich-New London, CT",Metropolitan Statistical Area,35980,102.7,98.5,120.3,99.3,102.3,98.3,119.1,98.8,101.5,98,116.6,97.9,101.1,98,114.4,98,101.3,98,115.6,97.9
248,"Ocala, FL",Metropolitan Statistical Area,36100,94.8,98.6,88.1,95.1,95.5,98.6,91.2,94.8,94.6,97.9,89.6,94.3,94,97.8,87.1,94.4,92,97.7,80.2,94.3
249,"Ocean City, NJ",Metropolitan Statistical Area,36140,109.6,104.3,117.2,111.3,109.2,104.9,114.6,110.8,109.1,105.1,115.2,110,109.9,105.4,118.4,110,108.8,105.6,112.2,109.9
250,"Odessa, TX",Metropolitan Statistical Area,36220,93.7,98.6,80.7,95.1,94.3,98.6,84.1,94.8,94.2,97.9,85,94.3,94.3,97.8,85.8,94.4,93.7,97.7,82.9,94.3
251,"Ogden-Clearfield, UT",Metropolitan Statistical Area,36260,94,95.9,83,97.6,94.9,96.8,83.2,99.3,95.8,97.2,85,100.1,96,97.2,86.3,99.9,96.4,96.9,88.7,99.7
252,"Oklahoma City, OK",Metropolitan Statistical Area,36420,93.3,98.5,80.5,95,93,98.5,80,94.6,92.7,97.7,79.8,94.2,93,97.6,81.1,94.2,92.3,97.5,78.5,94.2
253,"Olympia-Tumwater, WA",Metropolitan Statistical Area,36500,103.5,106.5,103.8,100.1,104,106,107,100.4,103.6,105.2,105,101.1,103.5,105.3,105.3,100.9,104.6,105.3,111.4,100.8
254,"Omaha-Council Bluffs, NE-IA",Metropolitan Statistical Area,36540,94.2,96.2,87.2,95.3,94.1,96.9,86.5,94.7,93.9,97.1,85.8,94.4,94.1,96.9,86.9,94.5,94.3,96.8,88.3,94.5
255,"Orlando-Kissimmee-Sanford, FL",Metropolitan Statistical Area,36740,100.5,98.6,113.3,95.1,100.1,98.6,112,94.8,98.8,97.9,107.7,94.3,98.4,97.8,105.9,94.4,98,97.7,104.4,94.3
256,"Oshkosh-Neenah, WI",Metropolitan Statistical Area,36780,92.8,96.5,79,95.6,92.2,97.2,76.3,95,92.2,97.3,76.6,94.7,92.4,97.2,77.4,94.7,92.5,97.1,78.4,94.7
257,"Owensboro, KY",Metropolitan Statistical Area,36980,86.9,98.2,61.2,94.7,88.2,98.2,64.8,94.3,88.7,97.4,65.1,94,88.6,97.3,65,94,86.7,97.2,59.4,94
258,"Oxnard-Thousand Oaks-Ventura, CA",Metropolitan Statistical Area,37100,110.5,99.1,158.2,102.5,111.2,98.7,158.2,103.1,112.5,98.8,153.3,103.5,112.2,98.7,151.1,103.4,114.6,98.7,169.1,103.2
259,"Palm Bay-Melbourne-Titusville, FL",Metropolitan Statistical Area,37340,98.6,98.6,104.2,95.1,97.7,98.6,100.5,94.8,96.1,97.9,95.9,94.3,95.5,97.8,93.3,94.4,95.8,97.7,94.7,94.3
260,"Panama City, FL",Metropolitan Statistical Area,37460,98.6,98.6,103.8,95.1,98.7,98.6,105.1,94.8,97.4,97.9,100.7,94.3,97.2,97.8,100.2,94.4,96.3,97.7,96.8,94.3
261,"Parkersburg-Vienna, WV",Metropolitan Statistical Area,37620,89.1,98.5,65.8,94.9,89,98.4,65.8,94.6,89.6,97.6,66.1,94.2,90,97.6,67.4,94.2,87,97.5,57.8,94.2
262,"Pensacola-Ferry Pass-Brent, FL",Metropolitan Statistical Area,37860,94.6,98.6,86.7,95.1,95.2,98.6,89.8,94.8,94.6,97.9,89.2,94.3,94.8,97.8,90.2,94.4,94.5,97.7,89.3,94.3
263,"Peoria, IL",Metropolitan Statistical Area,37900,92.8,96.2,79.2,95.4,92.8,97,79.5,94.7,92.3,97.1,76.1,94.4,92.3,97,76,94.5,91.5,96.9,73,94.5
264,"Philadelphia-Camden-Wilmington, PA-NJ-DE-MD",Metropolitan Statistical Area,37980,108.2,104.3,110.2,111.3,108.3,104.9,110.4,110.8,107.9,105.1,109.5,110,108.2,105.4,109.8,110,109,105.6,113.6,109.9
265,"Phoenix-Mesa-Scottsdale, AZ",Metropolitan Statistical Area,38060,102.5,102.7,106.9,99.7,102.1,102.2,106.4,99.6,100.3,101.4,101.7,98.4,99.8,101.4,98.6,98.5,99.7,101.4,98.7,98.5
266,"Pine Bluff, AR",Metropolitan Statistical Area,38220,89.3,98,69.5,94.4,88.5,98,67.2,94.1,89.2,97.2,65.8,93.9,88.6,97.1,63.6,93.9,85.3,97,54.3,93.9
267,"Pittsburgh, PA",Metropolitan Statistical Area,38300,92,94.6,79.5,94.5,92.6,94.5,79.9,96.4,93.6,95.1,79.1,98.3,93.7,95.1,79.5,98.4,93.4,95.1,78.3,98.5
268,"Pittsfield, MA",Metropolitan Statistical Area,38340,97.1,98.5,90.5,99.3,97.9,98.3,95.4,98.8,96.9,98,92.8,97.9,96.3,98,89.9,98,96.6,98,91.8,97.9
269,"Pocatello, ID",Metropolitan Statistical Area,38540,92.1,99.8,72.2,98.8,91.2,99.2,71.8,95.8,90.6,99.4,69.8,94.8,90.7,99.5,70.5,94.7,90.5,99.5,70.8,94.8
270,"Port St. Lucie, FL",Metropolitan Statistical Area,38940,99.8,98.6,110,95.1,99,98.6,106.9,94.8,97,97.9,99.4,94.3,96.2,97.8,96.1,94.4,95.8,97.7,94.7,94.3
271,"Portland-South Portland, ME",Metropolitan Statistical Area,38860,101,98.5,107.1,100.5,100.6,98.3,106.8,100.1,100.1,98,106.1,99.2,100.2,98,106.5,99.3,100.8,98,110.1,99.2
272,"Portland-Vancouver-Hillsboro, OR-WA",Metropolitan Statistical Area,38900,98.9,96.9,101,100.3,99.4,96.9,102.9,101,99.2,97.3,101.5,100.4,99.3,97.4,102.3,100.5,100.5,97.4,109.2,100.6
273,"Prescott, AZ",Metropolitan Statistical Area,39140,97.9,99.9,93.6,98.7,96.6,99.2,93.1,95.8,95.7,99.4,90.1,94.8,94.7,99.5,86.5,94.7,96.3,99.5,93.1,94.8
274,"Providence-Warwick, RI-MA",Metropolitan Statistical Area,39300,101.6,98.6,106.8,102.1,101,98.3,105.5,101.7,100.2,98,103.5,100.9,100.5,98,104.6,100.9,99.8,98,101.6,100.9
275,"Provo-Orem, UT",Metropolitan Statistical Area,39340,95.1,95.9,89,97.6,96.5,96.8,91.3,99.3,96.7,97.2,89.9,100.1,96.3,97.2,88.2,99.9,96.9,96.9,91.8,99.7
276,"Pueblo, CO",Metropolitan Statistical Area,39380,91.6,95.9,74.7,97.6,93.2,96.7,77.5,99.3,93.8,97.2,77.6,100.2,93.9,97.1,78,100,92.4,96.9,73.3,99.7
277,"Punta Gorda, FL",Metropolitan Statistical Area,39460,98.2,98.6,102.1,95.1,96.7,98.6,96,94.8,94.9,97.9,91.1,94.3,94.8,97.8,90.7,94.4,95.3,97.7,93,94.3
278,"Racine, WI",Metropolitan Statistical Area,39540,93.4,98.3,88.3,90.5,93.5,98.2,88.4,90.9,93.1,97.7,85.7,91.6,93.2,97.7,86.5,91.6,93.4,97.6,87.6,91.7
279,"Raleigh, NC",Metropolitan Statistical Area,39580,96.5,98.6,94.3,95.1,96.5,98.6,95,94.8,95.6,97.9,93,94.3,95.4,97.8,92,94.4,95.2,97.7,91.4,94.3
280,"Rapid City, SD",Metropolitan Statistical Area,39660,91.3,95.6,77.4,94.6,91,96.2,75.5,94,90.3,96.3,73.5,93.7,90.8,96.2,75.7,93.8,92.4,96.1,82.2,93.8
281,"Reading, PA",Metropolitan Statistical Area,39740,96.7,98.5,88.3,99.3,96.4,98.3,88.4,98.8,96,98,88.6,97.9,96.7,98,91.5,98,96.8,98,92.3,97.9
282,"Redding, CA",Metropolitan Statistical Area,39820,96,95.9,94,97.6,97.9,96.7,98.5,99.3,98.1,97.2,96.6,100.2,98.2,97.1,97.6,100,98.6,96.9,100.2,99.7
283,"Reno, NV",Metropolitan Statistical Area,39900,99.3,95.9,112.6,97.6,100.1,96.7,111.4,99.3,100.1,97.2,107.2,100.2,99.5,97.1,104.5,100,99.5,96.9,105.1,99.7
284,"Richmond, VA",Metropolitan Statistical Area,40060,96.8,98.4,96.5,94.9,96.9,98.4,97.9,94.5,96.3,97.6,97.4,94.2,96.3,97.6,97.8,94.2,96.4,97.4,98.4,94.1
285,"Riverside-San Bernardino-Ontario, CA",Metropolitan Statistical Area,40140,105.5,99.1,122.9,102.5,105.6,98.7,121.9,103.1,105.4,98.8,117.8,103.5,104.9,98.7,115.7,103.4,106.3,98.7,122.1,103.2
286,"Roanoke, VA",Metropolitan Statistical Area,40220,91.7,98.1,77.2,94.5,91.9,98.1,78.4,94.2,91.8,97.3,78.8,93.9,91.7,97.2,78.5,94,91.3,97.1,77,93.9
287,"Rochester, MN",Metropolitan Statistical Area,40340,93.7,95.5,87.6,94.5,94.2,96.2,90.2,94,93.9,96.3,88.8,93.7,93.3,96.2,85.8,93.8,93.7,96.1,88,93.8
288,"Rochester, NY",Metropolitan Statistical Area,40380,98.5,98.5,97.1,99.3,98.1,98.3,96.3,98.8,97.3,98,94.8,97.9,97.3,98,94.6,98,97.7,98,96.7,97.9
289,"Rockford, IL",Metropolitan Statistical Area,40420,93.6,96.5,83.5,95.6,93.5,97.2,83.2,95,92.9,97.3,80.2,94.7,93.4,97.2,82.6,94.7,91.9,97.1,76.8,94.7
290,"Rocky Mount, NC",Metropolitan Statistical Area,40580,89.3,98.6,67,95.1,89.8,98.6,69.9,94.8,90.7,97.9,70.4,94.3,91.2,97.8,72.2,94.4,86.8,97.7,58.2,94.3
291,"Rome, GA",Metropolitan Statistical Area,40660,85.2,94.1,73.2,89.6,85.5,94.2,72.9,89.8,86.5,93.3,73.5,90.8,86.7,93.2,74.4,90.9,82.2,93.1,63.4,90.8
292,"Sacramento--Roseville--Arden-Arcade, CA",Metropolitan Statistical Area,40900,100.5,95.9,119.5,97.6,101.3,96.7,118,99.3,101.6,97.2,115.3,100.2,101.3,97.1,114.2,100,102.4,96.9,121.9,99.7
293,"Saginaw, MI",Metropolitan Statistical Area,40980,91.3,96.5,74.6,95.6,91.4,97.2,75.2,95,91.6,97.3,73.9,94.7,91.7,97.2,74.4,94.7,89.4,97.1,66.5,94.7
294,"Salem, OR",Metropolitan Statistical Area,41420,95.7,96.9,84.4,100.3,96.2,96.9,85.9,101,96.1,97.3,85.1,100.4,96.3,97.4,85.3,100.5,96.8,97.4,87.5,100.6
295,"Salinas, CA",Metropolitan Statistical Area,41500,103.2,95.9,138.9,97.6,104.4,96.7,139.6,99.3,105,97.2,134.7,100.2,104.9,97.1,134.9,100,107.1,96.9,153.6,99.7
296,"Salisbury, MD-DE",Metropolitan Statistical Area,41540,92.4,94.1,92.8,89.6,93,94.2,94.6,89.8,92.3,93.3,92.4,90.8,91.7,93.2,90.8,90.9,90,93.1,85.6,90.8
297,"Salt Lake City, UT",Metropolitan Statistical Area,41620,97.3,96.2,99.7,97.7,98.4,96.9,101.2,99.1,98.6,97.4,99.2,99.8,98.4,97.3,98.7,99.6,99.1,97.1,103.3,99.4
298,"San Angelo, TX",Metropolitan Statistical Area,41660,93.3,98.6,80.6,95.1,93.2,98.6,81.1,94.7,92.2,97.8,78.1,94.3,92.4,97.8,78.7,94.3,92.1,97.7,77.7,94.3
299,"San Antonio-New Braunfels, TX",Metropolitan Statistical Area,41700,94.6,98.5,86.9,94.9,94.7,98.4,87.8,94.6,94,97.6,86.9,94.2,94.2,97.6,87.6,94.2,93.9,97.5,86.7,94.2
300,"San Diego-Carlsbad, CA",Metropolitan Statistical Area,41740,112.3,104.9,152.6,99.9,113,105.2,151.8,101.2,114.9,105,148.8,103.1,115.4,105,146.9,103.7,119,105.1,165.8,103.8
301,"San Francisco-Oakland-Hayward, CA",Metropolitan Statistical Area,41860,120.7,112.8,165.9,110.4,119.2,110.2,165.8,110.1,118.7,108.8,162.3,109.3,118.7,108.9,162,109.1,121.3,108.9,181.5,109.2
302,"San Jose-Sunnyvale-Santa Clara, CA",Metropolitan Statistical Area,41940,120.3,112.5,165.1,110.2,119,109.9,166,109.8,118.7,108.6,164.7,109,118.8,108.7,165,108.9,122,108.7,191,109
303,"San Luis Obispo-Paso Robles-Arroyo Grande, CA",Metropolitan Statistical Area,42020,103,95.9,136.1,97.6,104.1,96.7,136,99.3,105.1,97.2,134.9,100.2,104.8,97.1,133.9,100,106.9,96.9,150.4,99.7
304,"Santa Cruz-Watsonville, CA",Metropolitan Statistical Area,42100,120.7,112.8,161.4,110.4,118.7,110.2,155.8,110.1,117.5,108.8,148.1,109.3,117.4,108.9,147.2,109.1,121.4,108.9,171.8,109.2
305,"Santa Fe, NM",Metropolitan Statistical Area,42140,98.6,95.9,108.9,97.6,98.9,96.7,104.1,99.3,98.4,97.2,98.2,100.2,99,97.1,101.8,100,99.2,96.9,104.1,99.7
306,"Santa Maria-Santa Barbara, CA",Metropolitan Statistical Area,42200,105.1,95.9,158,97.6,106.1,96.7,157,99.3,107.1,97.2,153.6,100.2,106.6,97.1,150.4,100,108.2,96.9,167.5,99.7
307,"Santa Rosa, CA",Metropolitan Statistical Area,42220,117.7,112.8,140.3,110.4,116,110.2,138,110.1,115.1,108.8,135.6,109.3,115.3,108.9,136.5,109.1,118.2,108.9,151.8,109.2
308,"Savannah, GA",Metropolitan Statistical Area,42340,96.6,98.6,94.9,95.1,96.4,98.6,94.8,94.8,95.7,97.9,94,94.3,96,97.8,95.2,94.4,94.9,97.7,91,94.3
309,"Scranton--Wilkes-Barre--Hazleton, PA",Metropolitan Statistical Area,42540,93.4,98.5,75.7,99.3,93.3,98.3,76.5,98.8,93.1,98,75.4,97.9,93.7,98,77.3,98,92.1,98,71.7,97.9
310,"Seattle-Tacoma-Bellevue, WA",Metropolitan Statistical Area,42660,106,106.5,118.1,100.1,106.4,106,121.5,100.4,106.3,105.2,120.6,101.1,106.1,105.3,120.7,100.9,107,105.3,128,100.8
311,"Sebastian-Vero Beach, FL",Metropolitan Statistical Area,42680,93.7,94.1,97.4,89.6,92.8,94.2,94.2,89.8,92.3,93.3,92.6,90.8,91.4,93.2,89.7,90.9,91.8,93.1,91.4,90.8
312,"Sebring, FL",Metropolitan Statistical Area,42700,90.1,,,,90.2,,,,90.5,,,,89.6,,,,89.7,,,
313,"Sheboygan, WI",Metropolitan Statistical Area,43100,92.4,96.5,77.2,95.6,92.6,97.2,78.3,95,92.1,97.3,76,94.7,91.6,97.2,74,94.7,91.1,97.1,72.5,94.7
314,"Sherman-Denison, TX",Metropolitan Statistical Area,43300,93.5,98.6,81.5,95.1,93.1,98.6,80.9,94.8,92.8,97.9,79.7,94.3,92.8,97.8,79.9,94.4,91.5,97.7,74.9,94.3
315,"Shreveport-Bossier City, LA",Metropolitan Statistical Area,43340,91.6,98.5,74.3,95,92,98.5,76.4,94.6,92.3,97.7,77.8,94.2,92.6,97.6,79.1,94.2,91.2,97.5,73.6,94.2
316,"Sierra Vista-Douglas, AZ",Metropolitan Statistical Area,43420,96.6,,,,95.6,,,,95.6,,,,94.2,,,,94.1,,,
317,"Sioux City, IA-NE-SD",Metropolitan Statistical Area,43580,90.4,95.5,72.7,94.6,89.8,96.2,70.3,94,89.7,96.3,69,93.7,89.8,96.2,69.6,93.8,90.1,96.1,71.1,93.8
318,"Sioux Falls, SD",Metropolitan Statistical Area,43620,92.5,96.2,78.4,95.3,92,96.9,75.9,94.7,92,97.1,76.5,94.4,91.6,96.9,74.9,94.5,93.2,96.8,82.4,94.5
319,"South Bend-Mishawaka, IN-MI",Metropolitan Statistical Area,43780,91.6,95.6,78.5,94.7,91.1,96.3,76.4,94.1,91.1,96.5,76.1,93.9,91.2,96.4,76.5,93.9,91,96.3,76.2,94
320,"Spartanburg, SC",Metropolitan Statistical Area,43900,89.3,98.6,67.1,95.1,90.3,98.6,70.5,94.8,90,97.9,70,94.3,89.8,97.8,69.2,94.4,88.4,97.7,65.3,94.3
321,"Spokane-Spokane Valley, WA",Metropolitan Statistical Area,44060,94.1,95.9,84.1,97.6,95.1,96.7,84.5,99.3,95.3,97.2,83.1,100.2,95.4,97.1,83.6,100,95.9,96.9,86.9,99.7
322,"Springfield, IL",Metropolitan Statistical Area,44100,93.5,96.5,81.3,95.6,93.7,97.2,82.3,95,93.4,97.3,79.9,94.7,93.3,97.2,79.5,94.7,92.4,97.1,75.3,94.7
323,"Springfield, MA",Metropolitan Statistical Area,44140,98.3,98.5,96,99.4,97.9,98.3,95.4,98.9,97,98,93.6,98,97.1,98,93.8,98,96.8,98,93,97.9
324,"Springfield, MO",Metropolitan Statistical Area,44180,90,96,71.3,95.1,90,96.7,71.3,94.5,89.9,96.9,70.7,94.2,90,96.8,71.2,94.3,89.2,96.6,68.7,94.3
325,"Springfield, OH",Metropolitan Statistical Area,44220,91.1,96.5,73.1,95.6,90.5,97.2,71.1,95,91.2,97.3,72,94.7,91.4,97.2,72.8,94.7,89.4,97.1,66.1,94.7
326,"St. Cloud, MN",Metropolitan Statistical Area,41060,93.6,96.5,84,95.6,92.7,97.2,80.6,95,90.4,97.3,73,94.7,91.6,97.2,77,94.7,93,97.1,82.6,94.7
327,"St. George, UT",Metropolitan Statistical Area,41100,98,99.9,94.4,98.7,95.9,99.2,90.6,95.8,94.5,99.4,86.5,94.8,94.3,99.5,85.8,94.7,95.2,99.5,89.3,94.8
328,"St. Joseph, MO-KS",Metropolitan Statistical Area,41140,90.3,95.8,71.6,94.8,90.3,96.5,72.1,94.2,90.1,96.6,70.2,94,90.1,96.5,70.3,94.1,88.1,96.4,63.7,94.1
329,"St. Louis, MO-IL",Metropolitan Statistical Area,41180,89.2,90.2,88.1,88.5,89.3,89.7,88,89.6,89.9,91,87.3,89.8,90,91,87.8,89.8,88.9,90.8,83.3,89.7
330,"State College, PA",Metropolitan Statistical Area,44300,98,98.5,94.6,99.3,98.1,98.3,96.3,98.8,98.3,98,99.7,97.9,98.3,98,99.3,98,102.2,98,120.4,97.9
331,"Staunton-Waynesboro, VA",Metropolitan Statistical Area,44420,89.9,,,,90.8,,,,90.3,,,,88.9,,,,89.7,,,
332,"Stockton-Lodi, CA",Metropolitan Statistical Area,44700,99.1,95.9,110.1,97.6,100.2,96.7,110.5,99.3,100.4,97.2,108.5,100.2,100.1,97.1,107.5,100,100.6,96.9,110.8,99.7
333,"Sumter, SC",Metropolitan Statistical Area,44940,89.3,98.6,67.8,95.1,88.7,98.6,66.7,94.8,89.2,97.9,67.4,94.3,90,97.8,70.1,94.4,88.9,97.7,66.8,94.3
334,"Syracuse, NY",Metropolitan Statistical Area,45060,97.2,98.5,91,99.3,96.6,98.3,89.4,98.8,96,98,88.3,97.9,96.1,98,88.7,98,95.9,98,88.2,97.9
335,"Tallahassee, FL",Metropolitan Statistical Area,45220,97.2,98.3,98.6,94.8,97.5,98.3,100.9,94.5,96.4,97.5,97.9,94.1,96.4,97.5,98.2,94.1,95.1,97.4,92.7,94.1
336,"Tampa-St. Petersburg-Clearwater, FL",Metropolitan Statistical Area,45300,97.7,96.9,108,92.2,98.6,97.4,108.5,94,99.3,98,105.3,97.2,99.2,97.9,104.5,97.5,99.4,97.6,105,98
337,"Terre Haute, IN",Metropolitan Statistical Area,45460,89.4,95.8,68.9,94.9,89.2,96.5,68.2,94.3,90.1,96.7,68.3,94.1,90.8,96.6,71.5,94.1,88.3,96.5,62.8,94.2
338,"Texarkana, TX-AR",Metropolitan Statistical Area,45500,89.8,98.6,67.2,95.1,90,98.6,68.7,94.8,89.7,97.9,67.6,94.3,89.8,97.8,68,94.4,89.1,97.7,66.1,94.3
339,"The Villages, FL",Metropolitan Statistical Area,45540,90.1,,,,90.2,,,,90.5,,,,89.6,,,,89.7,,,
340,"Toledo, OH",Metropolitan Statistical Area,45780,91.8,96.1,76.9,95.2,91,96.8,74.5,94.6,90.8,96.9,72.6,94.3,90.7,96.8,72.3,94.4,89.8,96.7,69.5,94.4
341,"Topeka, KS",Metropolitan Statistical Area,45820,91.1,95.3,77.4,94.3,91.3,96,78,93.7,91.7,96.1,78.4,93.5,91.3,96,76.8,93.6,89.7,95.9,70.7,93.6
342,"Trenton, NJ",Metropolitan Statistical Area,45940,111.2,99.9,134.9,113,112,99.4,136.7,114.6,113,99.9,133.2,117.3,113.1,100.1,133.7,117.2,111.5,100.1,123.5,117.2
343,"Tucson, AZ",Metropolitan Statistical Area,46060,96.1,95.9,94.2,97.6,97,96.7,93.9,99.3,97.1,97.2,91.6,100.2,96.8,97.1,90.9,100,97,96.9,92.4,99.7
344,"Tulsa, OK",Metropolitan Statistical Area,46140,92.6,98.5,77.7,95,92.5,98.5,77.9,94.6,92.2,97.7,77.1,94.3,92.4,97.7,77.9,94.3,91.1,97.6,73.2,94.2
345,"Tuscaloosa, AL",Metropolitan Statistical Area,46220,91.6,98.4,76.2,94.9,91.9,98.4,78,94.5,92,97.6,78.6,94.2,91.8,97.5,77.8,94.2,88.6,97.4,67.5,94.1
346,"Tyler, TX",Metropolitan Statistical Area,46340,95.1,98.6,87.5,95.1,95.2,98.6,88.7,94.8,95.3,97.9,91.1,94.3,95.3,97.8,91.3,94.4,94.7,97.7,88.8,94.3
347,"Urban Honolulu, HI",Metropolitan Statistical Area,46520,121.5,108.4,165.5,113.4,121.4,109.6,169.5,110.8,120.4,109.4,163.7,107.8,120.9,109.9,164.4,107.8,122.9,110.4,174.6,107.9
348,"Utica-Rome, NY",Metropolitan Statistical Area,46540,95.1,98.5,82,99.3,94.7,98.3,81.6,98.8,94.2,98,79.8,97.9,94.5,98,80.6,98,93,98,75.4,97.9
349,"Valdosta, GA",Metropolitan Statistical Area,46660,84.7,94.1,72.1,89.6,86.7,94.2,76.1,89.8,86.2,93.3,73.6,90.8,85.8,93.2,72.7,90.9,83.3,93.1,66.9,90.8
350,"Vallejo-Fairfield, CA",Metropolitan Statistical Area,46700,116.6,112.8,133.8,110.4,115.2,110.2,133.5,110.1,114.7,108.8,133.1,109.3,114.5,108.9,132,109.1,116.3,108.9,140.7,109.2
351,"Victoria, TX",Metropolitan Statistical Area,47020,91.9,97.9,78.2,94.3,92.1,97.9,78.8,94,92.1,97,79.1,93.8,92.2,97,79.5,93.8,90.7,96.9,73.7,93.8
352,"Vineland-Bridgeton, NJ",Metropolitan Statistical Area,47220,104.7,104.3,95.6,111.3,105.6,104.9,99.2,110.8,105.9,105.1,100.7,110,106.7,105.4,103,110,105,105.6,96.5,109.9
353,"Virginia Beach-Norfolk-Newport News, VA-NC",Metropolitan Statistical Area,47260,98.7,98.6,104.8,95.1,99.4,98.6,108.6,94.8,99.1,97.8,109.7,94.3,99.4,97.8,111.4,94.4,99.3,97.7,111.9,94.3
354,"Visalia-Porterville, CA",Metropolitan Statistical Area,47300,93.7,95.9,83,97.6,95.2,96.7,85.3,99.3,95.4,97.2,83.8,100.2,95.1,97.1,82.9,100,95.6,96.9,85.7,99.7
355,"Waco, TX",Metropolitan Statistical Area,47380,93.7,98.6,83,95.1,93.4,98.6,82.1,94.8,92.6,97.9,80,94.3,92.4,97.8,79.3,94.4,91.6,97.7,76.6,94.3
356,"Walla Walla, WA",Metropolitan Statistical Area,47460,95.3,,,,95.5,,,,94.3,,,,95.2,,,,95.6,,,
357,"Warner Robins, GA",Metropolitan Statistical Area,47580,93.4,98.6,80.8,95.1,93.6,98.6,82,94.8,93,97.9,80.8,94.3,92.2,97.8,77.7,94.4,91,97.7,73.4,94.3
358,"Washington-Arlington-Alexandria, DC-VA-MD-WV",Metropolitan Statistical Area,47900,116.6,106,148.1,112.5,118,106.7,148.3,114,118.1,107.1,147.8,112.8,118.1,107,149.4,112.7,120.4,106.9,169.6,112.6
359,"Waterloo-Cedar Falls, IA",Metropolitan Statistical Area,47940,91.1,95.2,77.3,94.2,90.5,95.9,74.9,93.7,90.6,96,74.5,93.4,90.6,95.9,74.5,93.5,91.6,95.8,79,93.5
360,"Watertown-Fort Drum, NY",Metropolitan Statistical Area,48060,95.5,,,,95.8,,,,95.2,,,,95.4,,,,95.7,,,
361,"Wausau, WI",Metropolitan Statistical Area,48140,92.9,96.5,79,95.6,92.3,97.2,76.4,95,92.2,97.3,75.3,94.7,92.1,97.2,75.1,94.7,92.4,97.1,76.9,94.7
,"Watertown-Fort Drum, NY",Metropolitan Statistical Area,48060,,,,,88.2,97.2,62.2,95,89.6,97.3,62.3,94.7,89.3,97.2,61.4,94.7,86.8,97.1,54.1,94.7
362,"Wenatchee, WA",Metropolitan Statistical Area,48300,94.9,99.8,81,98.8,94.5,99.2,83.7,95.8,94.4,99.4,84.2,94.8,93.9,99.5,82.5,94.7,96.3,99.5,92.7,94.8
363,"Wheeling, WV-OH",Metropolitan Statistical Area,48540,87.8,98.6,60.1,95.1,88.1,98.6,61.2,94.8,88.4,97.9,59.4,94.3,88.2,97.8,58.7,94.4,86.3,97.7,53.2,94.3
364,"Wichita Falls, TX",Metropolitan Statistical Area,48660,93,98.4,80.3,94.9,92.3,98.4,78.5,94.5,91.9,97.6,77.4,94.2,91.3,97.6,75.3,94.2,91,97.5,74.7,94.2
365,"Wichita, KS",Metropolitan Statistical Area,48620,92.2,96.3,77.2,95.4,91.9,97,75.7,94.8,92,97.2,75.3,94.5,92.2,97,76.3,94.6,91.3,96.9,72.9,94.6
366,"Williamsport, PA",Metropolitan Statistical Area,48700,93.8,98.5,76.7,99.3,92.4,98.3,73.5,98.8,92.1,98,72.2,97.9,92.7,98,74.3,98,92.9,98,75.4,97.9
367,"Wilmington, NC",Metropolitan Statistical Area,48900,93.8,97.3,88.5,93.6,94.1,97.3,89.7,93.4,93.7,96.4,90.3,93.3,93.9,96.3,91.3,93.3,93.9,96.2,91.6,93.3
368,"Winchester, VA-WV",Metropolitan Statistical Area,49020,92.9,94.1,94.5,89.6,93,94.2,94.6,89.8,91.2,93.3,88.8,90.8,91.6,93.2,90.1,90.9,91.9,93.1,91.5,90.8
369,"Winston-Salem, NC",Metropolitan Statistical Area,49180,92.7,98.6,77.1,95.1,92.1,98.6,75.9,94.8,91.4,97.9,74.5,94.3,91.7,97.8,75.8,94.4,90.9,97.7,72.9,94.3
370,"Worcester, MA-CT",Metropolitan Statistical Area,49340,106.1,99,107.4,113.6,105.8,98.1,107.5,113.8,105.1,97.6,105.5,113.5,104.9,97.7,104.6,113.6,105.5,97.7,107.3,113.6
371,"Yakima, WA",Metropolitan Statistical Area,49420,92.1,95.9,74.9,97.6,93.5,96.7,77.2,99.3,93.7,97.2,75.8,100.2,94.4,97.1,78.5,100,94.8,96.9,81.3,99.7
372,"York-Hanover, PA",Metropolitan Statistical Area,49620,96.3,98.5,86.7,99.3,96.3,98.3,88.4,98.8,95.8,98,87.5,97.9,96.2,98,89.2,98,96.3,98,89.8,97.9
373,"Youngstown-Warren-Boardman, OH-PA",Metropolitan Statistical Area,49660,90.8,96.9,70.7,96.4,90.2,97.4,69.1,95.8,90.5,97.5,67.8,95.4,90,97.4,66.2,95.4,88.9,97.3,63,95.4
374,"Yuba City, CA",Metropolitan Statistical Area,49700,96.2,95.9,94.5,97.6,97.7,96.7,97.1,99.3,97.1,97.2,92.2,100.2,96.7,97.1,90.5,100,98.3,96.9,98.9,99.7
375,"Yuma, AZ",Metropolitan Statistical Area,49740,93.4,95.9,82.1,97.6,95,96.7,85.3,99.3,95.3,97.2,84,100.2,95.5,97.1,85.2,100,93.3,96.9,77.5,99.7
